,Binance XRPUSDT,Bitmex XRPUSD,Apollox XRPUSDT,Drift XRP-PERP,HODL XRPUSDT
Binance XRPUSDT,1.0,0.9908851926914882,0.9708937449655746,0.984557276352461,0.06847380680425268
Bitmex XRPUSD,0.9908851926914882,1.0,0.9778378477667973,0.9821782158872525,0.10474132122858348
Apollox XRPUSDT,0.9708937449655746,0.9778378477667973,1.0,0.9730037387480995,0.20723376316522021
Drift XRP-PERP,0.984557276352461,0.9821782158872525,0.9730037387480995,1.0,0.03873491385639991
HODL XRPUSDT,0.06847380680425268,0.10474132122858348,0.20723376316522021,0.03873491385639991,1.0
