{"bitmex": {"1": 5.524323398660735, "3": 10.290467205711629, "5": 9.36375176442712, "7": -2.379115153449174}, "apollox": {"1": 8.322274582863324, "3": 18.417469443239433, "5": 27.405398783522283, "7": 14.175688926173802}, "drift": {"1": 7.033757257129531, "3": 17.04725999703296, "5": 21.826176805965638, "7": 11.57822501932122}}